id,mname,kname,title,sub,thumb,tag
1,VANITY,베니티,,,img/thumb/thumb1.jpg,"ke,me,ig,ga"
2,EXEDRA,엑세드라,,,img/thumb/thumb2.jpg,ke
3,LIMESTONE,라임스톤,,,img/thumb/thumb3.jpg,ke
4,CLUNY,클루니,,,img/thumb/thumb4.jpg,ke
5,PIETRA D'ISEO,피에트라 디쎄오,,,img/thumb/thumb5.jpg,ke
6,CEMENT PROJECT,시멘트 프로젝트,,,img/thumb/thumb6.jpg,ke
7,OVER,오버,,,img/thumb/thumb7.jpg,ke
8,BLACK-WHITE,블랙-화이트,,,img/thumb/thumb8.jpg,ke
9,METAL,메탈,,,img/thumb/thumb9.jpg,ke
10,WOODLAND,우드랜드,,,img/thumb/thumb10.jpg,ke
11,BOUTIQUE,부띠끄,,,img/thumb/thumb11.jpg,mb
12,BIANCO,비앙코,,,img/thumb/thumb12.jpg,mb
13,LIME-ROCK,라임스톤,,,img/thumb/thumb13.jpg,mb
14,STARDUST,스타더스트,,,img/thumb/thumb14.jpg,mb
15,EXEDRA 14T,엑세드라,,,img/thumb/thumb15.jpg,mb
16,SECREAT STONE 14T,시크릿 스톤,,,img/thumb/thumb16.jpg,mb
17,LIMESTONE 14T,라임스톤,,,img/thumb/thumb17.jpg,mb
18,CLUNY 14T,클루니,,,img/thumb/thumb18.jpg,mb
19,DISCOVER,디스커버,,,img/thumb/thumb19.jpg,mb
20,STONEWAVE,스톤웨이브,,,img/thumb/thumb20.jpg,mb
21,GREYSTONE,그레이스톤,,,img/thumb/thumb21.jpg,mb
22,RIALTO,리알토,,,img/thumb/thumb22.jpg,mb
23,STAR,스타더스트,,,img/thumb/thumb23.jpg,mb
24,MAINSTONE,메인스톤,,,img/thumb/thumb24.jpg,mb
25,MARMOREX,마모렉스,,,img/thumb/thumb25.jpg,mb
26,FRAME,프레임,,,img/thumb/thumb26.jpg,mb
27,GARDENA,가르데나,,,img/thumb/thumb27.jpg,mb
28,ELEGANCE,엘레강스,,,img/thumb/thumb28.jpg,mb
29,LOOP,루프,,,img/thumb/thumb29.jpg,mb
30,YOSEMITE,요세미티,,,img/thumb/thumb30.jpg,mb
31,LIVING STONES,리빙스톤,,,img/thumb/thumb31.jpg,mb
32,BASALIKE,바살라이크,,,img/thumb/thumb32.jpg,mb
33,LIFE,라이프,,,img/thumb/thumb33.jpg,mb
34,STONE COLLECTION,스톤 콜렉션,,,img/thumb/thumb34.jpg,mb
35,NAT,나트,,,img/thumb/thumb35.jpg,mb
36,LIMESTONE,라임스톤,,,img/thumb/thumb36.jpg,mb
37,CALACATTA,칼라카타,,,img/thumb/thumb37.jpg,mb
38,VISIONNAIRE,비조네어,,,img/thumb/thumb38.jpg,mb
39,VINCI,빈치,,,img/thumb/thumb39.jpg,mb
40,MAXI,막시,,,img/thumb/thumb40.jpg,mb
41,LUXURY,럭셔리,,,img/thumb/thumb41.jpg,mb
42,MARBLE STONE,마블 스톤,,,img/thumb/thumb42.jpg,mb
43,PRECIOUS STONE,프레셔스 스톤,,,img/thumb/thumb43.jpg,mb
44,CALACATTA2,칼라카타,,,img/thumb/thumb44.jpg,mb
45,STATUARIO,스타투아리오,,,img/thumb/thumb45.jpg,mb
46,STRIPE MARBLE,스트라이프 마블,,,img/thumb/thumb46.jpg,mb
47,PIASENTINA,피아센티나,,,img/thumb/thumb47.jpg,mb
48,ONYX,오닉스,,,img/thumb/thumb48.jpg,mb
49,MARFIL,마필,,,img/thumb/thumb49.jpg,mb
50,STONE SELECT,스톤 셀렉트,,,img/thumb/thumb50.jpg,mb
51,LAVAGRIGIA,라바그리지아,,,img/thumb/thumb51.jpg,mb
52,BASALTINO,바살티노,,,img/thumb/thumb52.jpg,mb
53,MIXED STONE,믹스드 스톤,,,img/thumb/thumb53.jpg,mb
54,MARS,마스,,,img/thumb/thumb54.jpg,mb
55,LIVING STONE,리빙스톤,,,img/thumb/thumb55.jpg,mb
56,YS STONE,와이에스 스톤,,,img/thumb/thumb56.jpg,mb
57,GT STONE,지티 스톤,,,img/thumb/thumb57.jpg,mb
58,OUDIAN STONE,우디안 스톤,,,img/thumb/thumb58.jpg,mb
59,CARRARA-X,까라라 엑스,,,img/thumb/thumb59.jpg,mb
60,CONCEPT,컨셉트,,,img/thumb/thumb60.jpg,ct
61,MEMORY WOOD,메모리 우드,,,img/thumb/thumb61.jpg,ct
62,FUSION,퓨전,,,img/thumb/thumb62.jpg,ct
63,X-BETON 14T,엑스베톤,,,img/thumb/thumb63.jpg,ct
64,CONCRETE JUNGLE,콘크리트 정글,,,img/thumb/thumb64.jpg,ct
65,FIJI,피지,,,img/thumb/thumb65.jpg,ct
66,900,나인헌드레드,,,img/thumb/thumb66.jpg,bd
67,BATICIMENT,바티시멘트,,,img/thumb/thumb67.jpg,bd
68,MEMORY MOOD,메모리 무드,,,img/thumb/thumb68.jpg,bd
69,BRICK DESIGN,브릭 디자인,,,img/thumb/thumb69.jpg,bd
70,BRICK GLOSSY,브릭 글로시,,,img/thumb/thumb70.jpg,bd
71,CANTINA,칸티나,,,img/thumb/thumb71.jpg,bd
72,MORE,모어,,,img/thumb/thumb72.jpg,wd
73,SILVIS 14T,실비스,,,img/thumb/thumb73.jpg,wd
74,VOGUE,보그,,,img/thumb/thumb74.jpg,wd
75,RAIN FOREST,레인 포레스트,,,img/thumb/thumb75.jpg,wd
76,SALOON,살룬,,,img/thumb/thumb76.jpg,wd
77,BRIDGE,브릿지,,,img/thumb/thumb77.jpg,wd
78,LIMESTONE / HORIZON,라임스톤 / 호라이즌,,,img/thumb/thumb78.jpg,ou
79,CEMENT PROJECT,시멘트 프로젝트,,,img/thumb/thumb79.jpg,ou
80,GEOSTONE,지오스톤,,,img/thumb/thumb80.jpg,ou
